Customer_ID,Age,Gender,Income,Spending_Score,Purchase_Frequency,Avg_Order_Value,Product_Category,Service_Usage,Last_Purchase_Days,True_Segment
1522,49,F,65613.0,65.0,13,2678,Wellness,5.0,8,Frequent
1738,38,F,60977.0,58.0,13,2722,Grooming,10.0,9,Frequent
1741,48,F,44920.0,79.0,19,3172,Fragrance,4.0,1,Frequent
1661,32,M,63047.0,74.0,15,3214,Grooming,6.0,8,Frequent
1412,26,F,30493.0,40.0,3,532,Cosmetics,2.0,21,Budget
1679,45,F,74924.0,75.0,19,1611,Grooming,8.0,1,Frequent
1627,32,F,62394.0,65.0,12,2768,Haircare,4.0,3,Frequent
1514,38,M,56103.0,61.0,19,1576,Wellness,5.0,2,Frequent
1860,22,F,35464.0,84.0,12,1802,Grooming,3.0,19,Trend
1137,28,M,82198.0,85.0,12,3914,Fragrance,7.0,12,Premium
1812,18,M,40958.0,88.0,7,1474,Haircare,5.0,9,Trend
1077,41,M,125445.0,74.0,14,4944,Cosmetics,4.0,8,Premium
1637,35,F,59041.0,60.0,15,2241,Skincare,5.0,1,Frequent
1974,30,F,58547.0,72.0,9,2638,Wellness,4.0,6,Trend
1939,24,M,51723.0,78.0,9,2750,Haircare,2.0,7,Trend
1900,27,F,51287.0,65.0,7,2592,Wellness,3.0,20,Trend
1281,25,M,15301.0,26.0,6,1235,Haircare,1.0,31,Budget
1884,30,F,40043.0,60.0,9,2275,Grooming,5.0,14,Trend
1762,29,F,35358.0,68.0,7,1833,Skincare,2.0,5,Trend
1320,18,M,15612.0,35.0,5,1112,Fragrance,1.0,15,Budget
1550,38,F,48519.0,80.0,18,2752,Skincare,7.0,9,Frequent
1175,37,M,149274.0,76.0,12,3556,Cosmetics,3.0,3,Premium
1372,19,M,23556.0,46.0,5,1398,Cosmetics,1.0,41,Budget
1528,35,M,51413.0,62.0,12,2139,Fragrance,7.0,7,Frequent
1211,31,F,25831.0,29.0,6,1361,Skincare,0.0,14,Budget
1236,26,F,34481.0,29.0,4,1132,Grooming,1.0,17,Budget
1102,35,Non-binary,84324.0,100.0,13,3467,Fragrance,5.0,4,Premium
1987,23,F,49811.0,62.0,7,1429,Wellness,2.0,7,Trend
1903,20,F,28981.0,82.0,12,2327,Cosmetics,2.0,15,Trend
1948,24,F,27972.0,66.0,11,2379,Wellness,5.0,19,Trend
1347,30,F,17800.0,33.0,5,931,Grooming,0.0,22,Budget
1140,44,F,128285.0,83.0,14,7223,Skincare,4.0,3,Premium
1622,42,M,43981.0,80.0,17,2977,Fragrance,8.0,4,Frequent
1500,32,Non-binary,26064.0,37.0,4,832,Grooming,1.0,24,Budget
1371,30,F,18807.0,23.0,7,664,Skincare,0.0,22,Budget
1199,42,F,104826.0,80.0,11,3207,Fragrance,8.0,10,Premium
1688,50,F,67856.0,57.0,20,3343,Grooming,10.0,5,Frequent
1585,28,M,49343.0,70.0,15,2307,Haircare,7.0,4,Frequent
1902,24,M,44641.0,81.0,11,1973,Cosmetics,4.0,14,Trend
1060,34,F,114911.0,99.0,15,7132,Fragrance,3.0,7,Premium
1329,20,F,27576.0,35.0,4,565,Haircare,2.0,15,Budget
1097,37,F,81062.0,76.0,13,3125,Fragrance,3.0,1,Premium
1313,24,F,33708.0,50.0,6,1377,Fragrance,1.0,24,Budget
1975,21,F,25021.0,83.0,6,2793,Grooming,5.0,9,Trend
1300,22,M,25195.0,29.0,7,855,Wellness,1.0,13,Budget
1278,27,F,28070.0,37.0,3,1164,Haircare,1.0,34,Budget
1925,27,F,45539.0,62.0,7,2764,Grooming,3.0,17,Trend
1602,41,F,60855.0,62.0,16,1589,Fragrance,7.0,6,Frequent
1440,19,M,29300.0,29.0,6,1334,Cosmetics,0.0,32,Budget
1838,20,F,36975.0,72.0,12,2289,Wellness,2.0,4,Trend
1571,48,F,65464.0,60.0,12,2374,Fragrance,10.0,7,Frequent
1880,18,F,29067.0,68.0,11,1896,Grooming,2.0,20,Trend
1262,21,F,16638.0,24.0,6,1319,Grooming,1.0,44,Budget
1579,41,M,48848.0,70.0,17,1662,Wellness,9.0,8,Frequent
1024,29,F,130859.0,75.0,15,7931,Haircare,5.0,1,Premium
1031,28,M,92183.0,86.0,15,4445,Fragrance,8.0,3,Premium
1618,44,M,69978.0,56.0,20,2845,Fragrance,4.0,10,Frequent
1011,40,M,118044.0,70.0,8,5568,Skincare,6.0,8,Premium
1222,19,F,20105.0,50.0,3,660,Skincare,0.0,22,Budget
1821,19,F,,,6,1912,Wellness,,5,Trend
1297,32,M,33509.0,26.0,3,1101,Grooming,0.0,19,Budget
1055,30,M,118304.0,80.0,11,7380,Grooming,6.0,15,Premium
1543,37,Non-binary,67500.0,59.0,17,2478,Grooming,4.0,10,Frequent
1210,19,F,25238.0,31.0,6,800,Haircare,1.0,12,Budget
1605,29,F,63862.0,74.0,20,2337,Fragrance,5.0,6,Frequent
1693,32,F,53798.0,68.0,14,1696,Skincare,10.0,2,Frequent
1663,49,F,46470.0,60.0,13,2948,Wellness,4.0,5,Frequent
1867,18,M,30577.0,87.0,9,1215,Haircare,2.0,17,Trend
1071,44,M,103960.0,75.0,12,3133,Cosmetics,6.0,13,Premium
1544,38,F,41630.0,61.0,19,3316,Grooming,6.0,6,Frequent
1108,42,M,106614.0,100.0,8,4604,Wellness,6.0,12,Premium
1494,19,F,19188.0,32.0,3,744,Grooming,0.0,33,Budget
1591,44,M,42671.0,57.0,12,2619,Fragrance,10.0,4,Frequent
1742,45,Non-binary,63345.0,62.0,16,2160,Cosmetics,10.0,8,Frequent
1293,19,M,31029.0,50.0,6,559,Haircare,0.0,28,Budget
1290,32,F,24596.0,29.0,8,726,Cosmetics,0.0,30,Budget
1653,34,F,,,17,2361,Haircare,,9,Frequent
1040,45,Non-binary,84014.0,71.0,14,3154,Cosmetics,4.0,10,Premium
1590,47,F,58437.0,72.0,19,3413,Skincare,8.0,10,Frequent
1308,26,F,21304.0,23.0,4,826,Wellness,2.0,42,Budget
1680,47,F,52021.0,71.0,20,3485,Skincare,5.0,2,Frequent
1067,32,Non-binary,134693.0,85.0,12,4856,Wellness,6.0,1,Premium
1276,31,F,24832.0,45.0,8,1266,Cosmetics,1.0,30,Budget
1068,34,F,117080.0,73.0,13,6486,Haircare,7.0,12,Premium
1319,19,F,34206.0,32.0,5,782,Cosmetics,2.0,42,Budget
1549,46,F,59363.0,69.0,12,3443,Cosmetics,5.0,7,Frequent
1999,18,F,52228.0,60.0,12,2089,Haircare,2.0,14,Trend
1715,26,M,64426.0,76.0,17,2173,Grooming,9.0,1,Frequent
1754,27,F,32067.0,67.0,7,1945,Skincare,4.0,17,Trend
1328,33,F,24087.0,24.0,6,1150,Wellness,2.0,36,Budget
1383,22,Non-binary,28324.0,48.0,4,979,Wellness,0.0,31,Budget
1452,32,M,34555.0,23.0,4,868,Haircare,2.0,44,Budget
1523,47,F,65515.0,63.0,20,2500,Wellness,5.0,6,Frequent
1219,23,Non-binary,19612.0,34.0,4,692,Cosmetics,2.0,19,Budget
1788,30,M,56334.0,75.0,7,1789,Haircare,3.0,8,Trend
1437,31,M,17179.0,39.0,4,1127,Grooming,0.0,17,Budget
1765,30,F,,,7,2874,Fragrance,,6,Trend
1089,43,F,86090.0,77.0,11,7455,Fragrance,3.0,3,Premium
1064,43,F,107192.0,90.0,9,5982,Wellness,4.0,5,Premium
1827,24,F,58477.0,72.0,7,2402,Wellness,3.0,14,Trend
1717,35,M,74335.0,64.0,20,2962,Fragrance,7.0,6,Frequent
1352,25,M,,,6,944,Skincare,,35,Budget
1937,19,M,52684.0,87.0,8,1519,Fragrance,3.0,12,Trend
1257,26,M,32432.0,21.0,7,1493,Fragrance,0.0,24,Budget
1636,44,M,60690.0,73.0,18,3497,Haircare,5.0,10,Frequent
1645,30,F,51350.0,61.0,17,3372,Cosmetics,4.0,9,Frequent
1555,37,M,63501.0,62.0,19,3190,Wellness,7.0,1,Frequent
1960,29,M,40762.0,74.0,8,2839,Cosmetics,4.0,6,Trend
1169,42,F,140504.0,83.0,12,6681,Haircare,3.0,8,Premium
1918,21,F,35225.0,84.0,7,1653,Skincare,2.0,5,Trend
1529,40,M,65517.0,61.0,19,2443,Haircare,8.0,7,Frequent
1824,24,F,47200.0,69.0,10,2843,Cosmetics,3.0,8,Trend
1986,24,F,47606.0,69.0,9,2831,Skincare,4.0,20,Trend
1817,18,F,44790.0,68.0,12,2119,Fragrance,2.0,5,Trend
1087,42,M,132329.0,74.0,12,3137,Skincare,4.0,1,Premium
1433,31,F,27972.0,39.0,7,590,Cosmetics,0.0,10,Budget
1185,29,M,132307.0,96.0,10,5896,Wellness,6.0,8,Premium
1979,25,M,42952.0,71.0,10,2936,Wellness,4.0,15,Trend
1535,48,F,57033.0,71.0,15,2136,Grooming,7.0,5,Frequent
1295,34,F,25720.0,39.0,3,1262,Fragrance,2.0,20,Budget
1893,25,F,58715.0,81.0,10,2922,Wellness,3.0,13,Trend
1426,29,M,15882.0,48.0,4,772,Haircare,2.0,25,Budget
1714,44,F,41551.0,59.0,19,3236,Grooming,5.0,9,Frequent
1261,26,M,20448.0,33.0,5,762,Fragrance,0.0,13,Budget
1238,35,F,20010.0,20.0,4,1080,Skincare,2.0,43,Budget
1560,30,F,51382.0,74.0,15,3249,Cosmetics,4.0,4,Frequent
1584,50,M,50283.0,71.0,18,1862,Cosmetics,4.0,3,Frequent
1446,34,F,26834.0,29.0,4,531,Haircare,1.0,18,Budget
1868,26,M,52328.0,78.0,9,2522,Grooming,4.0,15,Trend
1801,24,F,40504.0,72.0,8,1613,Grooming,3.0,16,Trend
1600,36,F,72443.0,61.0,17,2141,Cosmetics,6.0,8,Frequent
1850,28,F,51746.0,62.0,8,1870,Fragrance,4.0,3,Trend
1266,34,F,19795.0,40.0,6,1267,Grooming,1.0,13,Budget
1996,19,F,45802.0,78.0,8,1502,Wellness,5.0,10,Trend
1530,48,M,43327.0,57.0,14,1711,Grooming,5.0,1,Frequent
1056,41,F,92161.0,87.0,10,5774,Skincare,4.0,8,Premium
1121,43,M,,,14,6177,Skincare,,15,Premium
1216,35,M,16239.0,49.0,4,716,Cosmetics,0.0,40,Budget
1026,33,F,131663.0,89.0,11,4369,Haircare,5.0,4,Premium
1073,31,Non-binary,,,14,4256,Skincare,,15,Premium
1045,32,F,134021.0,89.0,13,7142,Haircare,6.0,13,Premium
1248,30,F,22446.0,27.0,8,1016,Fragrance,0.0,39,Budget
1722,50,Non-binary,74635.0,78.0,14,2721,Fragrance,6.0,6,Frequent
1282,28,F,25773.0,32.0,4,1269,Grooming,0.0,24,Budget
1894,30,F,33733.0,84.0,12,2552,Haircare,5.0,10,Trend
1915,22,F,54680.0,90.0,6,1622,Wellness,3.0,7,Trend
1811,23,F,39390.0,71.0,10,2407,Wellness,4.0,15,Trend
1245,23,Non-binary,20249.0,21.0,8,708,Haircare,1.0,32,Budget
1823,23,F,36422.0,79.0,10,1877,Fragrance,4.0,3,Trend
1322,30,Non-binary,16283.0,45.0,5,746,Haircare,0.0,34,Budget
1644,49,F,40946.0,69.0,16,2075,Wellness,7.0,10,Frequent
1159,43,Non-binary,132393.0,96.0,14,4804,Grooming,4.0,3,Premium
1978,18,F,31273.0,88.0,7,1483,Fragrance,4.0,17,Trend
1430,27,M,19967.0,27.0,5,1289,Grooming,2.0,38,Budget
1942,30,M,36492.0,89.0,7,1317,Cosmetics,4.0,11,Trend
1463,26,F,29256.0,31.0,5,886,Cosmetics,1.0,34,Budget
1310,34,F,16633.0,25.0,4,1076,Cosmetics,0.0,14,Budget
1698,43,F,66928.0,69.0,17,1731,Haircare,5.0,4,Frequent
1061,40,M,123286.0,78.0,13,6952,Wellness,6.0,9,Premium
1885,19,F,47763.0,64.0,12,1756,Skincare,3.0,3,Trend
1596,49,F,68141.0,77.0,20,2548,Wellness,6.0,4,Frequent
1768,26,M,38440.0,65.0,11,2924,Fragrance,3.0,14,Trend
1650,40,M,55848.0,76.0,13,1607,Fragrance,9.0,4,Frequent
1651,42,F,40692.0,55.0,18,2613,Grooming,9.0,6,Frequent
1866,26,M,32938.0,70.0,11,2159,Fragrance,2.0,15,Trend
1669,49,F,41141.0,72.0,13,3493,Grooming,5.0,2,Frequent
1299,34,M,33284.0,38.0,4,1046,Wellness,1.0,14,Budget
1690,32,F,40066.0,68.0,20,2489,Grooming,6.0,3,Frequent
1315,34,F,17113.0,49.0,5,1467,Fragrance,0.0,44,Budget
1311,19,M,29357.0,21.0,4,597,Haircare,0.0,31,Budget
1362,23,F,18259.0,22.0,5,655,Fragrance,2.0,32,Budget
1480,35,F,31446.0,30.0,4,684,Grooming,1.0,16,Budget
1111,30,M,95524.0,96.0,13,5621,Fragrance,3.0,13,Premium
1990,23,M,32213.0,67.0,8,1987,Haircare,3.0,9,Trend
1487,27,M,,,5,913,Skincare,,31,Budget
1364,24,F,18361.0,24.0,6,920,Skincare,0.0,29,Budget
1255,35,Non-binary,22373.0,29.0,3,1461,Skincare,0.0,42,Budget
1260,19,F,21488.0,30.0,4,752,Skincare,2.0,28,Budget
1803,28,F,39017.0,69.0,7,2520,Grooming,4.0,7,Trend
1678,43,F,57065.0,70.0,15,1846,Wellness,6.0,9,Frequent
1495,34,F,30810.0,36.0,7,692,Skincare,1.0,26,Budget
1671,37,F,49643.0,55.0,14,2438,Wellness,10.0,8,Frequent
1378,22,F,16207.0,33.0,4,1023,Wellness,0.0,28,Budget
1527,29,F,65520.0,58.0,17,3061,Haircare,7.0,8,Frequent
1846,27,F,58332.0,64.0,12,2187,Cosmetics,2.0,17,Trend
1138,45,M,88705.0,74.0,11,6594,Cosmetics,4.0,3,Premium
1356,29,F,26641.0,28.0,4,1458,Grooming,0.0,19,Budget
1366,34,M,26120.0,24.0,4,1187,Fragrance,1.0,10,Budget
1943,20,F,37682.0,71.0,8,2916,Wellness,5.0,13,Trend
1750,41,F,55896.0,70.0,19,2680,Fragrance,9.0,4,Frequent
1949,23,F,39706.0,86.0,7,2055,Grooming,5.0,8,Trend
1830,20,F,51569.0,72.0,8,1476,Wellness,5.0,5,Trend
1657,36,F,58565.0,77.0,20,2608,Haircare,10.0,7,Frequent
1200,30,F,136446.0,79.0,13,5134,Fragrance,7.0,9,Premium
1214,35,F,31001.0,24.0,6,781,Grooming,0.0,44,Budget
1409,20,F,17158.0,31.0,8,1383,Grooming,2.0,34,Budget
1333,19,F,30223.0,33.0,6,1000,Wellness,2.0,28,Budget
1209,24,M,29296.0,26.0,8,644,Haircare,0.0,37,Budget
1614,34,F,,,15,2631,Haircare,,8,Frequent
1079,42,M,142292.0,94.0,13,7784,Grooming,3.0,2,Premium
1030,36,F,87400.0,85.0,15,4154,Fragrance,8.0,8,Premium
1536,50,M,51349.0,72.0,17,1882,Wellness,5.0,7,Frequent
1696,29,F,45074.0,73.0,19,2884,Fragrance,10.0,9,Frequent
1558,46,F,65832.0,73.0,19,2316,Grooming,6.0,2,Frequent
1837,25,F,50092.0,89.0,12,1316,Cosmetics,3.0,4,Trend
1597,40,F,50338.0,75.0,16,2737,Grooming,10.0,7,Frequent
1166,37,F,120042.0,95.0,8,5800,Cosmetics,5.0,8,Premium
1919,18,M,58586.0,78.0,9,2783,Skincare,2.0,5,Trend
1496,28,F,33172.0,48.0,7,915,Cosmetics,0.0,37,Budget
1825,29,F,46387.0,61.0,7,1662,Wellness,5.0,19,Trend
1066,39,F,,,15,5993,Haircare,,2,Premium
1142,38,Non-binary,131693.0,95.0,12,6180,Cosmetics,7.0,11,Premium
1926,18,F,42560.0,82.0,6,2202,Skincare,3.0,16,Trend
1828,23,F,32857.0,62.0,8,1413,Wellness,3.0,5,Trend
1656,35,F,44675.0,58.0,12,2621,Grooming,9.0,2,Frequent
1332,20,M,33171.0,37.0,5,1236,Wellness,2.0,36,Budget
1665,36,F,72088.0,80.0,20,1919,Skincare,10.0,6,Frequent
1250,21,F,20782.0,21.0,3,840,Cosmetics,2.0,18,Budget
1908,29,F,36560.0,72.0,8,2629,Fragrance,4.0,16,Trend
1709,41,Non-binary,63308.0,69.0,20,2872,Cosmetics,5.0,6,Frequent
1306,32,M,24135.0,29.0,4,991,Wellness,0.0,30,Budget
1735,27,M,63110.0,72.0,18,2116,Skincare,8.0,4,Frequent
1976,29,F,56359.0,66.0,7,1773,Cosmetics,5.0,11,Trend
1050,43,M,149042.0,94.0,12,7045,Fragrance,7.0,15,Premium
1897,24,F,53185.0,67.0,10,1305,Fragrance,2.0,7,Trend
1003,29,Non-binary,85311.0,70.0,11,6385,Wellness,7.0,12,Premium
1545,30,F,56436.0,57.0,17,2237,Wellness,8.0,6,Frequent
1351,28,Non-binary,16517.0,32.0,8,1056,Skincare,2.0,21,Budget
1905,19,M,38362.0,62.0,11,1330,Cosmetics,5.0,8,Trend
1537,35,F,74779.0,59.0,17,2789,Wellness,6.0,7,Frequent
1345,29,F,15193.0,46.0,3,1268,Wellness,1.0,31,Budget
1995,21,M,26726.0,69.0,8,2069,Wellness,4.0,11,Trend
1482,23,F,28652.0,24.0,3,1213,Fragrance,0.0,16,Budget
1576,46,M,43961.0,61.0,16,3219,Cosmetics,10.0,4,Frequent
1034,35,M,126214.0,70.0,15,7555,Haircare,5.0,6,Premium
1032,43,M,,,12,5961,Wellness,,2,Premium
1232,31,F,21012.0,40.0,6,993,Haircare,0.0,37,Budget
1964,26,M,41608.0,71.0,12,1911,Grooming,3.0,3,Trend
1193,28,M,131195.0,77.0,10,3213,Haircare,3.0,1,Premium
1334,31,F,23787.0,27.0,8,653,Wellness,2.0,31,Budget
1004,44,F,105658.0,97.0,11,3975,Wellness,8.0,15,Premium
1205,29,Non-binary,18453.0,43.0,4,1188,Haircare,0.0,45,Budget
1515,32,M,42378.0,60.0,15,3175,Haircare,8.0,10,Frequent
1800,29,F,42718.0,63.0,12,2267,Cosmetics,4.0,17,Trend
1307,35,F,16753.0,36.0,5,870,Skincare,0.0,21,Budget
1110,35,F,116159.0,98.0,15,6850,Skincare,7.0,14,Premium
1431,20,F,33060.0,23.0,3,937,Haircare,1.0,10,Budget
1078,45,F,136570.0,92.0,15,4824,Wellness,3.0,2,Premium
1085,29,M,133682.0,97.0,9,4329,Cosmetics,4.0,14,Premium
1287,31,F,29566.0,21.0,3,611,Grooming,0.0,45,Budget
1083,35,F,94489.0,91.0,13,3770,Haircare,4.0,12,Premium
1992,19,F,58734.0,81.0,11,1222,Wellness,5.0,9,Trend
1790,28,M,58422.0,64.0,10,2818,Wellness,4.0,12,Trend
1895,26,F,34490.0,74.0,8,1926,Haircare,5.0,20,Trend
1399,34,F,23389.0,31.0,5,920,Skincare,1.0,32,Budget
1324,20,F,30036.0,28.0,6,985,Cosmetics,1.0,28,Budget
1520,44,M,58642.0,65.0,13,2194,Fragrance,8.0,5,Frequent
1917,19,F,58638.0,85.0,10,1891,Grooming,2.0,8,Trend
1923,29,F,47998.0,72.0,9,1706,Cosmetics,4.0,6,Trend
1006,34,M,90627.0,83.0,9,5041,Skincare,4.0,5,Premium
1732,44,F,48320.0,75.0,17,1710,Cosmetics,9.0,1,Frequent
1466,19,Non-binary,30253.0,34.0,5,1277,Skincare,0.0,41,Budget
1098,40,M,86168.0,72.0,8,5156,Cosmetics,6.0,15,Premium
1267,19,M,19719.0,27.0,5,1244,Grooming,0.0,30,Budget
1358,24,F,28851.0,25.0,5,1128,Cosmetics,0.0,12,Budget
1869,27,F,42482.0,66.0,6,2201,Cosmetics,4.0,9,Trend
1799,29,M,28491.0,76.0,11,2337,Skincare,3.0,19,Trend
1381,35,F,33354.0,34.0,6,1402,Grooming,2.0,18,Budget
1632,30,F,44103.0,73.0,12,1630,Fragrance,6.0,5,Frequent
1382,25,F,31499.0,36.0,3,1236,Haircare,2.0,12,Budget
1491,19,F,28545.0,33.0,8,626,Haircare,1.0,24,Budget
1119,31,F,94153.0,75.0,15,3814,Cosmetics,8.0,11,Premium
1901,23,M,25105.0,86.0,6,2295,Fragrance,3.0,19,Trend
1251,18,F,20299.0,45.0,6,965,Wellness,2.0,31,Budget
1524,43,F,69504.0,58.0,12,3178,Fragrance,9.0,6,Frequent
1010,35,M,103247.0,84.0,12,7887,Cosmetics,3.0,12,Premium
1197,39,Non-binary,142768.0,98.0,10,3634,Wellness,3.0,6,Premium
1604,27,F,,,15,3310,Grooming,,5,Frequent
1082,41,F,118765.0,82.0,12,7544,Skincare,4.0,12,Premium
1784,29,Non-binary,45900.0,80.0,10,1436,Skincare,4.0,9,Trend
1588,49,M,,,13,2720,Grooming,,7,Frequent
1798,24,F,36991.0,85.0,6,2590,Grooming,4.0,6,Trend
1240,28,F,24160.0,48.0,3,753,Skincare,1.0,44,Budget
1291,25,F,29537.0,23.0,6,556,Grooming,0.0,16,Budget
1212,25,M,28994.0,44.0,8,1479,Fragrance,0.0,21,Budget
1718,40,F,44897.0,64.0,19,2579,Skincare,8.0,8,Frequent
1360,30,F,16998.0,40.0,8,548,Skincare,2.0,33,Budget
1450,19,F,28050.0,28.0,7,1081,Wellness,0.0,12,Budget
1228,20,F,21471.0,25.0,6,1128,Grooming,1.0,34,Budget
1951,29,Non-binary,30432.0,67.0,9,1910,Grooming,3.0,13,Trend
1947,23,F,27765.0,63.0,9,2460,Cosmetics,3.0,17,Trend
1797,24,F,27429.0,90.0,12,2391,Haircare,4.0,4,Trend
1502,47,F,67197.0,74.0,13,2585,Skincare,4.0,2,Frequent
1465,32,F,31346.0,39.0,6,902,Fragrance,2.0,11,Budget
1363,25,F,30434.0,45.0,5,1324,Wellness,0.0,33,Budget
1469,30,F,23475.0,32.0,6,506,Skincare,0.0,45,Budget
1936,25,F,28513.0,72.0,12,1701,Haircare,2.0,20,Trend
1429,21,F,33020.0,47.0,4,754,Haircare,0.0,33,Budget
1008,31,M,147121.0,71.0,13,6461,Wellness,4.0,4,Premium
1156,45,M,,,10,7497,Haircare,,7,Premium
1542,27,F,60527.0,77.0,18,3231,Haircare,4.0,8,Frequent
1441,30,F,31964.0,40.0,8,1180,Skincare,0.0,15,Budget
1483,20,M,17668.0,38.0,5,1463,Grooming,0.0,13,Budget
1423,33,M,21474.0,30.0,6,991,Wellness,0.0,25,Budget
1779,20,F,27663.0,85.0,12,2811,Cosmetics,4.0,14,Trend
1950,19,M,32847.0,70.0,11,1957,Skincare,3.0,14,Trend
1335,33,F,19088.0,38.0,5,925,Haircare,0.0,37,Budget
1577,49,Non-binary,61031.0,55.0,12,2260,Cosmetics,9.0,10,Frequent
1935,27,F,28782.0,85.0,12,2538,Grooming,3.0,19,Trend
1568,28,F,60566.0,70.0,12,2769,Skincare,5.0,3,Frequent
1595,47,M,52317.0,56.0,19,1867,Skincare,5.0,10,Frequent
1531,39,F,55160.0,75.0,15,1879,Grooming,10.0,1,Frequent
1582,42,F,,,18,1883,Fragrance,,3,Frequent
1708,32,M,61181.0,63.0,13,2483,Grooming,9.0,4,Frequent
1449,19,F,22263.0,25.0,3,906,Cosmetics,2.0,26,Budget
1454,23,Non-binary,32376.0,38.0,7,692,Grooming,2.0,25,Budget
1229,29,F,31353.0,34.0,6,1239,Haircare,2.0,15,Budget
1353,24,M,15987.0,27.0,3,1358,Wellness,2.0,39,Budget
1729,32,F,63065.0,55.0,15,2085,Haircare,4.0,9,Frequent
1213,22,M,,,6,866,Wellness,,29,Budget
1080,36,F,88702.0,85.0,14,7613,Fragrance,3.0,5,Premium
1149,40,F,118890.0,95.0,9,4524,Skincare,3.0,8,Premium
1303,31,Non-binary,32015.0,35.0,8,1490,Cosmetics,0.0,22,Budget
1629,49,M,60245.0,59.0,20,1571,Skincare,7.0,7,Frequent
1778,22,F,38304.0,84.0,10,2633,Wellness,3.0,15,Trend
1507,36,F,72821.0,62.0,20,2563,Grooming,6.0,2,Frequent
1343,31,F,31910.0,45.0,6,1104,Wellness,0.0,29,Budget
1486,18,F,21972.0,38.0,7,1046,Wellness,0.0,14,Budget
1712,27,M,,,12,2438,Skincare,,7,Frequent
1134,28,F,135106.0,96.0,14,3327,Wellness,3.0,15,Premium
1704,46,F,46380.0,55.0,17,2466,Fragrance,10.0,9,Frequent
1312,29,M,23535.0,25.0,6,1070,Cosmetics,2.0,41,Budget
1723,32,Non-binary,55424.0,71.0,19,2907,Haircare,9.0,9,Frequent
1630,35,Non-binary,44078.0,65.0,17,3253,Haircare,7.0,3,Frequent
1001,34,Non-binary,95795.0,80.0,15,6772,Grooming,4.0,3,Premium
1317,29,F,31391.0,47.0,3,663,Grooming,0.0,17,Budget
1707,48,F,49265.0,72.0,17,2550,Cosmetics,7.0,7,Frequent
1548,50,F,59942.0,58.0,13,3468,Fragrance,7.0,1,Frequent
1873,27,M,27642.0,78.0,11,2951,Haircare,2.0,7,Trend
1533,44,F,44145.0,64.0,15,2282,Grooming,7.0,3,Frequent
1478,24,M,20488.0,20.0,8,1048,Skincare,1.0,30,Budget
1405,18,M,25860.0,32.0,4,1404,Fragrance,1.0,12,Budget
1173,44,F,89516.0,98.0,10,5745,Haircare,4.0,8,Premium
1126,45,M,88666.0,86.0,15,3954,Fragrance,5.0,3,Premium
1395,30,M,20590.0,31.0,8,789,Cosmetics,1.0,20,Budget
1421,31,M,26837.0,37.0,8,1213,Wellness,0.0,40,Budget
1553,44,F,,,12,3348,Fragrance,,6,Frequent
1904,22,F,47760.0,82.0,8,2744,Fragrance,3.0,15,Trend
1091,45,F,116668.0,75.0,8,3523,Cosmetics,8.0,2,Premium
1940,30,F,43033.0,71.0,7,1283,Fragrance,5.0,20,Trend
1182,31,M,101427.0,76.0,12,3906,Skincare,8.0,15,Premium
1275,25,F,17376.0,37.0,5,1060,Fragrance,1.0,13,Budget
1896,27,M,37454.0,60.0,8,1428,Haircare,2.0,17,Trend
1070,35,M,93116.0,76.0,8,4996,Fragrance,8.0,9,Premium
1292,21,F,18292.0,43.0,7,835,Cosmetics,2.0,13,Budget
1132,31,F,135168.0,92.0,14,7895,Cosmetics,4.0,3,Premium
1301,24,M,20105.0,43.0,3,1111,Wellness,0.0,40,Budget
1425,35,F,22186.0,25.0,8,1477,Cosmetics,1.0,13,Budget
1327,20,M,33099.0,38.0,4,813,Haircare,0.0,32,Budget
1145,35,M,126828.0,76.0,9,4708,Skincare,4.0,5,Premium
1424,21,M,34127.0,45.0,8,831,Haircare,0.0,34,Budget
1581,50,F,40406.0,80.0,16,2485,Fragrance,9.0,6,Frequent
1136,43,M,134771.0,90.0,13,3822,Cosmetics,4.0,7,Premium
1451,34,M,23752.0,34.0,7,682,Skincare,0.0,12,Budget
1165,40,M,128280.0,73.0,10,3884,Haircare,7.0,14,Premium
1029,44,Non-binary,82049.0,99.0,11,7548,Grooming,5.0,7,Premium
1774,18,F,48777.0,78.0,7,2220,Wellness,3.0,16,Trend
1194,39,F,132269.0,85.0,13,5720,Cosmetics,4.0,12,Premium
1389,30,M,26948.0,32.0,7,582,Haircare,1.0,25,Budget
1853,23,M,58737.0,85.0,10,2204,Cosmetics,3.0,14,Trend
1170,30,F,,,10,4355,Cosmetics,,15,Premium
1706,40,M,,,14,1615,Wellness,,1,Frequent
1141,44,M,82573.0,71.0,12,4304,Skincare,8.0,6,Premium
1174,40,M,87314.0,97.0,8,4704,Grooming,5.0,13,Premium
1007,29,F,103483.0,98.0,15,7014,Haircare,8.0,1,Premium
1746,49,F,40153.0,71.0,13,3003,Grooming,6.0,2,Frequent
1479,19,F,19458.0,25.0,4,1179,Fragrance,1.0,24,Budget
1074,28,M,148866.0,94.0,10,4353,Wellness,6.0,8,Premium
1911,26,F,40663.0,62.0,11,2057,Cosmetics,2.0,8,Trend
1814,20,F,51128.0,77.0,10,1957,Haircare,4.0,19,Trend
1239,18,F,32014.0,41.0,7,1154,Haircare,2.0,41,Budget
1146,41,M,118709.0,88.0,12,6363,Haircare,4.0,13,Premium
1793,26,F,59765.0,68.0,12,1628,Cosmetics,4.0,12,Trend
1235,21,M,27149.0,20.0,6,875,Grooming,1.0,22,Budget
1221,18,F,18072.0,35.0,8,552,Grooming,0.0,35,Budget
1924,18,M,40567.0,83.0,7,2528,Cosmetics,4.0,6,Trend
1501,44,M,62463.0,64.0,14,3374,Haircare,9.0,8,Frequent
1133,41,M,132603.0,92.0,11,4823,Cosmetics,7.0,8,Premium
1991,22,Non-binary,33353.0,67.0,6,2858,Wellness,5.0,4,Trend
1775,25,F,31727.0,71.0,10,2105,Fragrance,2.0,13,Trend
1186,42,Non-binary,108602.0,88.0,8,7665,Fragrance,8.0,15,Premium
1042,40,F,82368.0,83.0,15,5701,Fragrance,5.0,7,Premium
1697,36,M,71670.0,68.0,12,2990,Wellness,7.0,7,Frequent
1109,45,M,147444.0,78.0,9,5635,Haircare,5.0,1,Premium
1589,26,M,59094.0,60.0,19,3157,Grooming,9.0,4,Frequent
1057,37,F,145953.0,76.0,11,3825,Grooming,4.0,13,Premium
1406,23,F,31363.0,47.0,8,937,Skincare,0.0,44,Budget
1443,32,Non-binary,25179.0,25.0,5,1010,Fragrance,2.0,14,Budget
1758,24,M,29575.0,65.0,9,2378,Grooming,4.0,7,Trend
1998,24,F,36392.0,80.0,10,2851,Skincare,4.0,12,Trend
1025,33,F,147863.0,71.0,13,4930,Skincare,3.0,12,Premium
1468,27,F,30438.0,38.0,7,1390,Wellness,1.0,39,Budget
1540,39,F,61158.0,63.0,19,2159,Cosmetics,6.0,5,Frequent
1532,41,M,46953.0,73.0,13,3469,Fragrance,5.0,2,Frequent
1619,33,F,65097.0,56.0,15,2562,Fragrance,5.0,1,Frequent
1695,34,F,68022.0,80.0,14,2093,Haircare,9.0,4,Frequent
1927,30,F,32860.0,72.0,7,2886,Wellness,3.0,3,Trend
1339,25,M,29849.0,33.0,8,1436,Grooming,1.0,39,Budget
1052,34,F,142752.0,74.0,14,5849,Fragrance,4.0,10,Premium
1508,36,F,61839.0,56.0,13,1895,Haircare,5.0,7,Frequent
1517,43,F,65525.0,70.0,16,2302,Wellness,9.0,8,Frequent
1921,29,M,,,11,2384,Cosmetics,,18,Trend
1782,21,F,27892.0,73.0,7,1854,Cosmetics,5.0,9,Trend
1265,35,Non-binary,29828.0,37.0,7,672,Fragrance,0.0,44,Budget
1818,23,F,44156.0,60.0,7,2270,Haircare,4.0,9,Trend
1711,41,M,53668.0,78.0,15,2096,Grooming,8.0,6,Frequent
1683,48,F,62499.0,71.0,13,1844,Cosmetics,8.0,3,Frequent
1833,18,F,58122.0,61.0,6,2812,Fragrance,3.0,13,Trend
1519,43,F,50776.0,73.0,13,1573,Grooming,6.0,9,Frequent
1448,22,F,17800.0,44.0,5,1303,Skincare,0.0,33,Budget
1019,34,F,103776.0,96.0,13,5675,Grooming,3.0,3,Premium
1716,42,M,66950.0,55.0,12,1715,Fragrance,7.0,2,Frequent
1484,29,F,26707.0,29.0,3,776,Grooming,2.0,33,Budget
1569,50,F,68820.0,71.0,15,3249,Grooming,9.0,1,Frequent
1434,30,F,27602.0,28.0,7,1389,Skincare,0.0,31,Budget
1368,30,F,24370.0,30.0,5,733,Haircare,1.0,15,Budget
1084,28,M,104285.0,86.0,15,5814,Grooming,7.0,14,Premium
1062,40,F,146234.0,73.0,11,7171,Skincare,6.0,14,Premium
1639,49,M,72651.0,68.0,14,3152,Grooming,9.0,5,Frequent
1273,28,M,19531.0,26.0,5,1039,Haircare,2.0,14,Budget
1286,21,F,30463.0,29.0,4,990,Skincare,1.0,30,Budget
1361,23,F,16819.0,30.0,4,919,Haircare,0.0,18,Budget
1355,21,F,31977.0,34.0,6,1435,Fragrance,0.0,42,Budget
1457,35,F,19559.0,20.0,3,511,Wellness,0.0,20,Budget
1279,35,F,27275.0,40.0,6,787,Haircare,1.0,30,Budget
1013,36,M,132251.0,77.0,11,6104,Wellness,7.0,3,Premium
1183,42,M,107082.0,95.0,9,4453,Cosmetics,7.0,4,Premium
1369,32,F,17169.0,29.0,6,1368,Haircare,2.0,15,Budget
1882,29,M,25719.0,62.0,8,1825,Wellness,3.0,8,Trend
1616,26,M,,,15,3201,Fragrance,,10,Frequent
1224,23,M,19114.0,37.0,7,1500,Haircare,0.0,20,Budget
1573,49,F,47347.0,77.0,16,3413,Grooming,8.0,7,Frequent
1971,27,F,45594.0,60.0,9,2024,Wellness,5.0,12,Trend
1654,46,F,66140.0,75.0,13,3215,Grooming,7.0,6,Frequent
1546,32,F,58678.0,79.0,17,2729,Haircare,5.0,3,Frequent
1583,35,M,55086.0,71.0,14,3438,Fragrance,7.0,3,Frequent
1634,43,F,47130.0,67.0,20,2609,Fragrance,7.0,5,Frequent
1177,41,F,137932.0,76.0,9,6117,Haircare,3.0,9,Premium
1666,39,F,66026.0,67.0,13,2838,Fragrance,10.0,9,Frequent
1674,46,F,54997.0,70.0,14,1943,Grooming,9.0,8,Frequent
1586,37,F,65883.0,56.0,14,2257,Haircare,10.0,9,Frequent
1874,22,M,51691.0,80.0,7,1633,Skincare,3.0,4,Trend
1394,35,F,30373.0,33.0,6,552,Wellness,1.0,13,Budget
1164,31,M,123001.0,74.0,10,7805,Wellness,5.0,14,Premium
1249,23,F,19895.0,35.0,6,1049,Fragrance,1.0,23,Budget
1635,37,F,50450.0,62.0,14,2549,Haircare,8.0,9,Frequent
1886,20,F,59929.0,62.0,7,1896,Grooming,3.0,11,Trend
1670,39,F,74552.0,73.0,14,2498,Grooming,5.0,6,Frequent
1376,25,M,16307.0,24.0,6,1385,Haircare,2.0,36,Budget
1413,33,F,15719.0,23.0,7,1146,Fragrance,2.0,18,Budget
1075,35,F,89337.0,95.0,15,5745,Fragrance,4.0,12,Premium
1114,35,F,84018.0,75.0,13,5626,Haircare,4.0,4,Premium
1599,43,F,48378.0,60.0,20,2887,Haircare,10.0,10,Frequent
1962,20,F,47301.0,64.0,6,2689,Haircare,5.0,4,Trend
1391,30,F,25350.0,21.0,5,1403,Wellness,1.0,36,Budget
1105,39,F,147584.0,75.0,12,4917,Haircare,6.0,13,Premium
1115,42,F,85408.0,76.0,10,3419,Grooming,8.0,9,Premium
1418,27,M,23652.0,27.0,6,1362,Fragrance,2.0,10,Budget
1526,35,F,61259.0,74.0,17,2142,Fragrance,5.0,2,Frequent
1458,22,F,31523.0,20.0,7,1068,Fragrance,1.0,14,Budget
1410,21,F,16401.0,25.0,3,1351,Fragrance,2.0,26,Budget
1093,43,F,132796.0,73.0,8,5055,Skincare,5.0,13,Premium
1931,20,F,35255.0,71.0,8,2976,Grooming,3.0,13,Trend
1090,30,M,113434.0,87.0,12,6122,Haircare,7.0,5,Premium
1337,23,F,16460.0,27.0,3,785,Skincare,0.0,34,Budget
1989,27,M,34716.0,86.0,9,1332,Skincare,3.0,18,Trend
1922,19,F,25331.0,69.0,12,2824,Wellness,5.0,18,Trend
1934,22,M,58989.0,74.0,12,1436,Cosmetics,2.0,16,Trend
1606,40,F,60323.0,73.0,18,1533,Grooming,6.0,6,Frequent
1594,38,M,54586.0,77.0,14,1624,Grooming,10.0,4,Frequent
1612,45,F,43178.0,65.0,18,1840,Fragrance,10.0,10,Frequent
1095,29,F,96748.0,96.0,15,7978,Haircare,8.0,11,Premium
1012,38,M,119504.0,72.0,8,7474,Grooming,4.0,7,Premium
1397,23,F,29087.0,24.0,6,1388,Grooming,2.0,10,Budget
1534,29,Non-binary,66616.0,62.0,19,3442,Haircare,9.0,8,Frequent
1044,44,F,133006.0,97.0,12,6124,Fragrance,6.0,12,Premium
1043,42,F,93403.0,92.0,14,3853,Haircare,3.0,10,Premium
1330,26,F,20779.0,27.0,5,1015,Cosmetics,0.0,24,Budget
1168,37,M,105425.0,93.0,10,7255,Haircare,8.0,13,Premium
1498,31,F,26676.0,21.0,3,928,Haircare,2.0,39,Budget
1877,20,M,45409.0,74.0,8,2737,Haircare,2.0,7,Trend
1598,41,M,42941.0,66.0,20,2309,Cosmetics,9.0,1,Frequent
1757,30,F,49813.0,63.0,11,2241,Fragrance,5.0,10,Trend
1101,33,M,107139.0,99.0,13,5397,Skincare,5.0,3,Premium
1427,19,M,32313.0,32.0,4,507,Wellness,2.0,39,Budget
1179,34,F,109257.0,71.0,14,4435,Fragrance,8.0,5,Premium
1445,33,Non-binary,18450.0,23.0,8,712,Wellness,0.0,17,Budget
1417,32,F,31661.0,46.0,4,991,Cosmetics,0.0,35,Budget
1871,19,F,38288.0,63.0,9,1697,Grooming,5.0,15,Trend
1883,30,M,,,9,1769,Skincare,,8,Trend
1681,33,M,74949.0,60.0,17,3464,Haircare,9.0,2,Frequent
1178,44,F,111966.0,93.0,12,7770,Wellness,5.0,14,Premium
1396,26,F,29027.0,44.0,3,1360,Cosmetics,1.0,41,Budget
1912,24,M,54844.0,80.0,8,2585,Haircare,3.0,14,Trend
1794,29,F,36332.0,60.0,12,2063,Cosmetics,2.0,18,Trend
1961,20,F,48698.0,80.0,8,2941,Skincare,5.0,12,Trend
1685,25,F,58255.0,77.0,13,3069,Skincare,8.0,6,Frequent
1384,28,M,18906.0,29.0,8,776,Fragrance,1.0,33,Budget
1957,29,F,58988.0,90.0,12,2201,Cosmetics,5.0,18,Trend
1752,21,M,25067.0,70.0,7,1597,Fragrance,3.0,19,Trend
1258,21,F,22340.0,47.0,7,1042,Wellness,1.0,38,Budget
1539,26,M,67413.0,70.0,13,2894,Fragrance,4.0,10,Frequent
1336,30,F,30686.0,28.0,5,1135,Skincare,2.0,23,Budget
1016,31,F,,,12,4678,Haircare,,4,Premium
1325,29,M,34374.0,28.0,7,1227,Cosmetics,1.0,12,Budget
1759,24,M,37479.0,64.0,12,2916,Grooming,2.0,17,Trend
1223,26,M,34614.0,23.0,4,880,Wellness,1.0,13,Budget
1180,31,F,125539.0,96.0,15,4040,Fragrance,8.0,1,Premium
1984,28,F,49829.0,79.0,6,2431,Haircare,5.0,10,Trend
1023,44,Non-binary,106736.0,97.0,13,3854,Grooming,3.0,1,Premium
1357,19,F,16842.0,29.0,8,709,Haircare,1.0,18,Budget
1667,43,F,,,20,1731,Fragrance,,1,Frequent
1862,21,F,26081.0,84.0,6,2122,Skincare,4.0,12,Trend
1341,22,F,25178.0,40.0,7,700,Grooming,0.0,13,Budget
1432,24,F,24171.0,49.0,5,1110,Skincare,2.0,36,Budget
1552,37,F,69866.0,75.0,18,2348,Haircare,7.0,9,Frequent
1834,28,F,27581.0,82.0,8,1426,Fragrance,3.0,14,Trend
1204,34,Non-binary,,,7,523,Fragrance,,13,Budget
1631,25,F,60350.0,69.0,12,3372,Cosmetics,8.0,4,Frequent
1094,42,F,80302.0,91.0,13,7569,Fragrance,8.0,8,Premium
1559,32,F,74642.0,71.0,17,2670,Wellness,7.0,2,Frequent
1069,34,M,105289.0,76.0,13,6522,Grooming,7.0,2,Premium
1623,46,M,54541.0,58.0,19,2228,Skincare,8.0,4,Frequent
1285,22,F,23553.0,27.0,3,1375,Grooming,2.0,10,Budget
1845,30,F,44091.0,86.0,11,2537,Grooming,4.0,9,Trend
1435,19,F,16772.0,23.0,7,755,Haircare,2.0,30,Budget
1154,40,M,107935.0,76.0,8,6990,Cosmetics,7.0,6,Premium
1076,32,Non-binary,84835.0,91.0,14,5508,Fragrance,7.0,13,Premium
1731,43,F,72769.0,71.0,16,2151,Wellness,9.0,9,Frequent
1447,34,F,18551.0,44.0,3,1335,Fragrance,2.0,34,Budget
1189,35,F,110707.0,98.0,15,3692,Fragrance,4.0,3,Premium
1272,20,F,17711.0,39.0,7,731,Cosmetics,2.0,45,Budget
1237,33,F,32456.0,24.0,6,549,Haircare,2.0,19,Budget
1488,26,F,28596.0,42.0,7,1171,Wellness,2.0,32,Budget
1118,42,F,100103.0,84.0,11,5891,Grooming,4.0,11,Premium
1944,24,M,57536.0,70.0,12,2434,Wellness,2.0,14,Trend
1513,27,F,45710.0,78.0,13,3211,Wellness,4.0,8,Frequent
1826,21,M,35566.0,90.0,8,2475,Haircare,4.0,9,Trend
1592,41,F,73576.0,76.0,19,1953,Haircare,9.0,1,Frequent
1127,34,F,,,8,7380,Haircare,,10,Premium
1117,32,F,123872.0,82.0,14,7910,Fragrance,7.0,8,Premium
1474,28,M,20039.0,30.0,7,1445,Haircare,1.0,42,Budget
1694,44,F,42795.0,67.0,13,2164,Grooming,5.0,7,Frequent
1058,38,F,80412.0,94.0,12,5808,Fragrance,4.0,5,Premium
1864,22,M,50401.0,82.0,7,1403,Wellness,2.0,9,Trend
1913,21,M,26040.0,67.0,7,2979,Haircare,5.0,9,Trend
1370,21,M,15785.0,36.0,7,576,Haircare,2.0,26,Budget
1269,18,F,33663.0,30.0,4,1275,Haircare,1.0,17,Budget
1047,32,Non-binary,112217.0,92.0,14,4931,Grooming,3.0,10,Premium
1350,22,F,19912.0,43.0,7,1318,Haircare,2.0,22,Budget
1196,34,F,103398.0,95.0,9,7238,Cosmetics,4.0,7,Premium
2000,20,F,43147.0,72.0,12,1794,Cosmetics,2.0,9,Trend
1835,25,M,39419.0,72.0,6,1892,Grooming,5.0,15,Trend
1737,25,Non-binary,50313.0,69.0,14,3483,Fragrance,4.0,1,Frequent
1264,23,F,22758.0,42.0,4,1387,Grooming,0.0,22,Budget
1444,30,F,33233.0,49.0,7,1036,Haircare,2.0,23,Budget
1676,47,M,71658.0,67.0,13,3378,Skincare,8.0,9,Frequent
1305,21,F,32073.0,26.0,8,1138,Cosmetics,2.0,29,Budget
1342,20,F,24168.0,20.0,7,842,Fragrance,1.0,21,Budget
1967,19,F,49014.0,79.0,7,2504,Haircare,5.0,16,Trend
1150,44,F,134912.0,80.0,15,7120,Haircare,5.0,2,Premium
1125,36,F,120738.0,94.0,9,5122,Wellness,4.0,7,Premium
1787,23,F,44187.0,83.0,8,1396,Cosmetics,3.0,4,Trend
1051,44,M,131293.0,89.0,12,5959,Cosmetics,4.0,5,Premium
1354,30,F,15726.0,39.0,4,1157,Cosmetics,1.0,42,Budget
1928,24,F,40847.0,60.0,10,1216,Haircare,4.0,8,Trend
1143,33,M,141268.0,78.0,13,5081,Skincare,7.0,9,Premium
1471,27,M,31753.0,37.0,5,1255,Haircare,0.0,34,Budget
1400,18,F,27091.0,43.0,4,674,Grooming,0.0,22,Budget
1626,33,M,70005.0,56.0,16,1608,Haircare,7.0,7,Frequent
1321,31,M,20906.0,31.0,5,1313,Skincare,2.0,30,Budget
1020,34,F,138053.0,78.0,13,6748,Skincare,5.0,10,Premium
1810,18,M,42794.0,62.0,6,1751,Haircare,2.0,15,Trend
1791,29,M,51627.0,75.0,9,2504,Fragrance,3.0,6,Trend
1809,23,F,,,11,2280,Grooming,,3,Trend
1408,31,F,34557.0,41.0,3,1367,Wellness,1.0,44,Budget
1538,41,F,59520.0,64.0,20,2962,Cosmetics,8.0,8,Frequent
1621,39,F,54859.0,74.0,18,1779,Grooming,5.0,5,Frequent
1039,28,F,106641.0,100.0,13,3569,Haircare,8.0,8,Premium
1176,37,F,82719.0,99.0,14,6998,Cosmetics,6.0,2,Premium
1246,25,F,15661.0,23.0,7,1344,Grooming,2.0,25,Budget
1829,30,F,34484.0,63.0,7,2454,Skincare,5.0,8,Trend
1668,28,Non-binary,57197.0,70.0,14,2421,Wellness,10.0,5,Frequent
1755,30,F,40613.0,61.0,9,2499,Haircare,3.0,5,Trend
1859,23,F,28815.0,65.0,9,1631,Wellness,4.0,16,Trend
1155,34,F,124813.0,76.0,8,5930,Cosmetics,5.0,7,Premium
1288,27,M,34033.0,31.0,3,1473,Wellness,0.0,43,Budget
1603,39,F,68747.0,77.0,18,2703,Fragrance,8.0,5,Frequent
1570,44,M,67790.0,68.0,15,2474,Wellness,4.0,5,Frequent
1744,28,F,63889.0,78.0,19,2058,Haircare,7.0,9,Frequent
1018,33,F,149163.0,99.0,10,4663,Cosmetics,6.0,9,Premium
1128,45,F,,,8,3688,Fragrance,,6,Premium
1323,20,F,25592.0,39.0,4,1165,Wellness,1.0,14,Budget
1256,21,F,23286.0,33.0,8,737,Grooming,2.0,44,Budget
1658,43,F,52720.0,67.0,17,1915,Grooming,10.0,5,Frequent
1965,23,M,46630.0,78.0,8,1456,Haircare,5.0,3,Trend
1191,31,F,88712.0,94.0,11,3116,Cosmetics,5.0,13,Premium
1116,28,F,124028.0,92.0,8,5243,Wellness,4.0,10,Premium
1617,34,M,73783.0,64.0,16,2769,Grooming,9.0,9,Frequent
1607,28,M,40691.0,58.0,20,3266,Haircare,6.0,6,Frequent
1181,37,F,89077.0,95.0,15,5353,Wellness,7.0,12,Premium
1302,21,F,30261.0,29.0,8,841,Fragrance,2.0,44,Budget
1760,20,F,47469.0,80.0,10,2088,Haircare,3.0,10,Trend
1713,26,F,71875.0,56.0,17,2092,Skincare,8.0,5,Frequent
1724,47,F,47995.0,76.0,15,1625,Grooming,6.0,9,Frequent
1686,45,F,45753.0,63.0,18,1786,Cosmetics,5.0,9,Frequent
1980,24,F,51708.0,64.0,7,1562,Wellness,2.0,15,Trend
1518,42,F,57375.0,77.0,14,2014,Grooming,8.0,10,Frequent
1985,23,F,51149.0,68.0,9,2825,Fragrance,5.0,14,Trend
1046,45,M,97019.0,88.0,8,3119,Haircare,6.0,10,Premium
1910,25,M,54505.0,78.0,7,2764,Haircare,3.0,16,Trend
1158,39,F,,,11,3920,Grooming,,1,Premium
1852,22,M,26211.0,90.0,7,2337,Fragrance,5.0,19,Trend
1172,32,F,121873.0,97.0,15,6020,Fragrance,7.0,13,Premium
1017,40,F,142623.0,88.0,13,5625,Cosmetics,7.0,14,Premium
1512,44,F,40203.0,62.0,12,3200,Wellness,9.0,5,Frequent
1049,43,M,,,12,5294,Haircare,,10,Premium
1972,26,F,25368.0,70.0,9,2120,Skincare,2.0,13,Trend
1941,23,M,57826.0,70.0,9,2727,Cosmetics,4.0,10,Trend
1516,27,F,63386.0,69.0,12,2302,Fragrance,6.0,5,Frequent
1953,29,M,27327.0,81.0,10,1508,Fragrance,4.0,6,Trend
1481,28,F,23003.0,20.0,5,1473,Wellness,1.0,10,Budget
1284,20,F,23894.0,42.0,7,529,Fragrance,2.0,34,Budget
1719,42,F,46256.0,61.0,12,2602,Cosmetics,10.0,6,Frequent
1878,19,F,49207.0,88.0,12,1469,Fragrance,4.0,7,Trend
1226,32,F,24108.0,48.0,3,916,Skincare,0.0,44,Budget
1027,34,M,,,9,5919,Skincare,,12,Premium
1955,19,M,44462.0,87.0,12,2413,Fragrance,4.0,16,Trend
1438,26,F,24583.0,26.0,8,1423,Wellness,0.0,36,Budget
1952,23,F,46225.0,88.0,7,1578,Cosmetics,3.0,20,Trend
1365,27,F,22611.0,22.0,5,978,Haircare,1.0,20,Budget
1230,31,F,28178.0,40.0,5,835,Grooming,2.0,34,Budget
1038,36,M,113828.0,86.0,13,7276,Haircare,6.0,1,Premium
1966,25,M,26823.0,89.0,6,1497,Cosmetics,2.0,5,Trend
1375,34,M,34554.0,27.0,8,1260,Cosmetics,2.0,30,Budget
1470,18,F,22817.0,32.0,8,1117,Wellness,1.0,26,Budget
1968,25,F,57737.0,70.0,12,1434,Haircare,2.0,16,Trend
1851,26,F,33787.0,78.0,7,1409,Wellness,5.0,12,Trend
1705,35,F,62388.0,58.0,16,3222,Skincare,6.0,5,Frequent
1842,22,F,27833.0,80.0,10,2701,Haircare,4.0,12,Trend
1195,28,F,129153.0,78.0,12,4949,Skincare,7.0,4,Premium
1855,30,Non-binary,34079.0,70.0,10,1637,Haircare,3.0,8,Trend
1865,25,F,34583.0,60.0,6,1962,Skincare,2.0,15,Trend
1504,40,F,72172.0,80.0,15,3244,Haircare,8.0,3,Frequent
1970,18,F,35972.0,87.0,6,2428,Grooming,3.0,7,Trend
1831,20,F,48544.0,75.0,11,2002,Fragrance,2.0,10,Trend
1580,39,F,49968.0,78.0,14,2583,Wellness,8.0,6,Frequent
1969,23,F,50735.0,86.0,9,2769,Fragrance,4.0,19,Trend
1163,32,F,120600.0,90.0,13,5632,Skincare,3.0,8,Premium
1909,30,F,42397.0,90.0,7,1498,Cosmetics,2.0,4,Trend
1153,44,M,,,13,6726,Haircare,,9,Premium
1802,21,M,58635.0,78.0,10,2523,Skincare,5.0,6,Trend
1994,18,F,34018.0,79.0,7,1244,Fragrance,4.0,19,Trend
1756,24,M,40627.0,63.0,11,1983,Haircare,3.0,14,Trend
1112,37,F,123303.0,77.0,13,6762,Grooming,8.0,1,Premium
1227,29,F,29437.0,22.0,8,1473,Cosmetics,1.0,18,Budget
1689,44,M,49873.0,67.0,15,2437,Grooming,5.0,9,Frequent
1104,40,Non-binary,86469.0,73.0,10,3723,Skincare,6.0,1,Premium
1422,20,M,20085.0,27.0,6,992,Haircare,0.0,26,Budget
1420,26,F,29794.0,20.0,4,921,Haircare,1.0,24,Budget
1751,24,F,44097.0,66.0,6,1737,Skincare,2.0,5,Trend
1587,31,M,49772.0,61.0,19,2375,Haircare,10.0,10,Frequent
1781,24,M,46691.0,74.0,10,2620,Grooming,4.0,12,Trend
1673,29,M,54745.0,57.0,19,2091,Wellness,8.0,7,Frequent
1120,39,F,97368.0,77.0,11,5730,Fragrance,6.0,4,Premium
1054,39,F,91938.0,70.0,12,5738,Haircare,7.0,12,Premium
1152,44,M,129481.0,86.0,14,7107,Wellness,5.0,8,Premium
1404,35,M,28411.0,35.0,3,828,Wellness,2.0,31,Budget
1946,22,F,,,8,1952,Skincare,,4,Trend
1208,27,F,24131.0,21.0,7,1336,Wellness,0.0,23,Budget
1659,34,F,51706.0,61.0,18,2424,Haircare,10.0,3,Frequent
1844,19,F,53315.0,72.0,6,2687,Haircare,2.0,9,Trend
1763,20,F,45224.0,63.0,7,2620,Cosmetics,3.0,6,Trend
1009,45,F,145697.0,73.0,13,7911,Wellness,6.0,9,Premium
1808,24,F,29025.0,87.0,12,1279,Wellness,4.0,8,Trend
1037,44,M,136491.0,98.0,13,6444,Wellness,5.0,12,Premium
1453,25,M,19173.0,33.0,4,1200,Fragrance,2.0,38,Budget
1652,36,M,,,16,3437,Wellness,,9,Frequent
1254,24,F,22693.0,40.0,5,1077,Haircare,1.0,44,Budget
1304,23,F,24032.0,43.0,5,1095,Cosmetics,1.0,30,Budget
1747,25,F,51049.0,66.0,12,2087,Skincare,10.0,3,Frequent
1572,28,F,65105.0,57.0,17,2371,Haircare,5.0,10,Frequent
1624,44,F,47697.0,77.0,16,2975,Grooming,6.0,7,Frequent
1733,47,F,45529.0,69.0,12,2474,Fragrance,8.0,7,Frequent
1892,29,M,59800.0,70.0,12,2577,Cosmetics,3.0,6,Trend
1263,24,F,16549.0,48.0,8,1144,Wellness,2.0,11,Budget
1611,45,F,40287.0,74.0,13,1693,Fragrance,4.0,7,Frequent
1298,35,F,29082.0,36.0,8,753,Wellness,0.0,15,Budget
1415,26,F,17204.0,47.0,7,578,Fragrance,2.0,35,Budget
1151,32,F,100581.0,88.0,12,6115,Haircare,5.0,1,Premium
1789,21,F,58972.0,83.0,6,2423,Grooming,5.0,12,Trend
1641,28,M,49290.0,61.0,17,2738,Grooming,10.0,2,Frequent
1890,26,F,40332.0,90.0,11,2085,Haircare,2.0,5,Trend
1551,40,F,57270.0,72.0,12,2809,Grooming,5.0,2,Frequent
1887,27,Non-binary,37673.0,73.0,9,2760,Haircare,2.0,9,Trend
1489,30,M,20520.0,40.0,4,984,Wellness,1.0,39,Budget
1148,28,F,139129.0,89.0,10,4762,Fragrance,5.0,1,Premium
1147,38,F,104762.0,72.0,13,7193,Wellness,8.0,5,Premium
1721,32,M,56576.0,71.0,15,2381,Haircare,8.0,5,Frequent
1932,21,F,48535.0,68.0,11,2506,Fragrance,2.0,4,Trend
1740,40,F,60906.0,63.0,19,2947,Wellness,4.0,1,Frequent
1660,43,F,64604.0,60.0,17,2088,Grooming,6.0,3,Frequent
1349,24,F,31724.0,49.0,4,862,Wellness,1.0,18,Budget
1464,20,F,23399.0,43.0,4,665,Wellness,1.0,36,Budget
1326,29,F,27763.0,35.0,7,655,Cosmetics,1.0,42,Budget
1187,29,F,81980.0,86.0,8,3791,Fragrance,4.0,15,Premium
1124,42,F,148244.0,90.0,8,3201,Fragrance,3.0,5,Premium
1854,27,F,40620.0,86.0,6,2879,Grooming,4.0,17,Trend
1609,29,M,65491.0,65.0,16,1777,Cosmetics,7.0,2,Frequent
1144,33,F,81622.0,91.0,12,5074,Skincare,8.0,11,Premium
1959,20,F,27105.0,78.0,7,2264,Grooming,3.0,16,Trend
1198,36,F,106015.0,81.0,15,6911,Cosmetics,6.0,14,Premium
1610,37,F,50374.0,64.0,14,1940,Grooming,8.0,3,Frequent
1280,20,M,30990.0,31.0,3,1442,Cosmetics,0.0,22,Budget
1294,30,Non-binary,15541.0,40.0,6,1203,Haircare,0.0,45,Budget
1401,22,M,34991.0,36.0,6,930,Skincare,1.0,18,Budget
1123,41,F,127523.0,94.0,8,4854,Wellness,5.0,8,Premium
1184,44,M,86540.0,84.0,14,5844,Grooming,5.0,4,Premium
1203,27,M,23946.0,48.0,8,1458,Skincare,2.0,21,Budget
1439,21,M,31654.0,20.0,5,866,Haircare,2.0,45,Budget
1247,27,F,33877.0,42.0,6,1156,Fragrance,2.0,25,Budget
1416,21,Non-binary,28913.0,42.0,7,1323,Fragrance,1.0,20,Budget
1933,26,M,53251.0,65.0,8,1302,Skincare,4.0,3,Trend
1766,27,M,54140.0,67.0,9,1676,Cosmetics,5.0,16,Trend
1907,22,F,31794.0,63.0,10,1328,Haircare,5.0,20,Trend
1836,25,F,30065.0,67.0,11,2559,Grooming,4.0,5,Trend
1888,29,F,35550.0,61.0,10,2981,Skincare,5.0,14,Trend
1130,44,F,,,10,5065,Skincare,,3,Premium
1638,27,F,53543.0,74.0,17,3466,Haircare,10.0,4,Frequent
1403,32,F,16519.0,33.0,5,735,Skincare,2.0,22,Budget
1785,25,M,,,12,2020,Cosmetics,,14,Trend
1771,28,M,49503.0,79.0,9,2521,Haircare,3.0,16,Trend
1736,30,F,43174.0,80.0,13,2169,Fragrance,8.0,1,Frequent
1914,29,F,30057.0,81.0,12,2381,Grooming,2.0,13,Trend
1220,35,M,30504.0,34.0,3,1087,Haircare,0.0,13,Budget
1642,35,F,71086.0,79.0,17,3064,Haircare,4.0,4,Frequent
1916,20,F,33123.0,82.0,6,2353,Skincare,4.0,5,Trend
1753,29,F,46209.0,72.0,11,2951,Wellness,3.0,14,Trend
1807,30,F,28626.0,85.0,9,2489,Wellness,2.0,3,Trend
1920,29,F,53253.0,81.0,12,2428,Skincare,4.0,5,Trend
1625,38,M,52997.0,71.0,18,2665,Grooming,10.0,1,Frequent
1875,22,F,49363.0,66.0,10,2021,Cosmetics,2.0,19,Trend
1761,27,F,44324.0,73.0,12,2237,Cosmetics,5.0,8,Trend
1387,22,M,33619.0,50.0,3,1175,Haircare,1.0,32,Budget
1973,23,F,29259.0,85.0,11,2198,Skincare,5.0,6,Trend
1510,25,F,71709.0,75.0,15,2402,Wellness,5.0,7,Frequent
1268,27,F,25636.0,36.0,3,924,Skincare,1.0,38,Budget
1820,30,M,54777.0,81.0,12,2989,Cosmetics,4.0,6,Trend
1442,22,F,24865.0,26.0,8,584,Grooming,2.0,31,Budget
1497,26,M,34063.0,48.0,3,1097,Skincare,2.0,16,Budget
1113,42,F,89184.0,70.0,14,7598,Cosmetics,8.0,5,Premium
1692,48,M,,,17,3347,Fragrance,,7,Frequent
1233,20,F,31489.0,37.0,4,1444,Grooming,1.0,34,Budget
1870,28,F,53930.0,76.0,7,1360,Grooming,5.0,17,Trend
1608,30,M,62766.0,74.0,20,2811,Fragrance,5.0,2,Frequent
1672,46,F,60918.0,55.0,14,3063,Haircare,7.0,1,Frequent
1374,18,F,16627.0,48.0,5,1408,Cosmetics,2.0,45,Budget
1982,30,F,28190.0,89.0,6,2275,Haircare,2.0,16,Trend
1843,27,M,40994.0,77.0,12,1424,Wellness,3.0,5,Trend
1234,28,M,16286.0,29.0,7,658,Skincare,1.0,45,Budget
1786,29,M,55297.0,75.0,6,2955,Skincare,5.0,7,Trend
1677,31,F,61398.0,66.0,13,2611,Haircare,10.0,8,Frequent
1318,26,M,23078.0,27.0,4,1053,Fragrance,1.0,21,Budget
1649,42,M,40507.0,57.0,15,1920,Skincare,10.0,10,Frequent
1411,25,Non-binary,26867.0,46.0,8,1192,Cosmetics,2.0,39,Budget
1899,28,F,37305.0,89.0,7,2367,Grooming,4.0,3,Trend
1710,31,F,45596.0,79.0,17,1513,Haircare,9.0,2,Frequent
1359,33,M,21439.0,28.0,8,767,Haircare,2.0,10,Budget
1259,23,F,34103.0,49.0,4,559,Haircare,2.0,14,Budget
1745,37,F,72922.0,59.0,18,2030,Cosmetics,7.0,10,Frequent
1628,38,F,56309.0,62.0,15,1790,Grooming,4.0,6,Frequent
1633,36,F,47371.0,74.0,20,3202,Fragrance,6.0,6,Frequent
1283,35,F,26870.0,42.0,6,960,Wellness,2.0,42,Budget
1377,19,F,16708.0,41.0,7,1257,Haircare,2.0,37,Budget
1385,20,F,32079.0,49.0,5,518,Cosmetics,1.0,16,Budget
1225,18,F,16367.0,26.0,3,1224,Skincare,1.0,16,Budget
1954,22,M,58760.0,89.0,12,1262,Cosmetics,2.0,7,Trend
1815,24,F,49099.0,63.0,11,2932,Wellness,5.0,6,Trend
1473,30,F,25278.0,42.0,6,546,Skincare,0.0,14,Budget
1348,23,F,25288.0,49.0,5,903,Fragrance,0.0,35,Budget
1506,27,M,55935.0,64.0,16,3280,Wellness,9.0,10,Frequent
1640,48,F,61199.0,79.0,17,3089,Skincare,7.0,6,Frequent
1988,19,M,38703.0,89.0,7,1955,Wellness,4.0,13,Trend
1929,20,F,49183.0,79.0,6,2931,Cosmetics,3.0,13,Trend
1906,24,F,40791.0,78.0,8,2433,Skincare,5.0,14,Trend
1620,43,M,55995.0,76.0,13,3194,Skincare,9.0,2,Frequent
1856,26,F,29551.0,80.0,12,2031,Wellness,2.0,10,Trend
1804,27,M,38833.0,87.0,8,2628,Skincare,5.0,19,Trend
1646,34,F,57848.0,72.0,17,2319,Skincare,4.0,5,Frequent
1847,27,F,25350.0,88.0,11,1836,Cosmetics,4.0,9,Trend
1557,45,M,68054.0,76.0,13,2113,Grooming,8.0,3,Frequent
1958,29,M,34063.0,66.0,12,2924,Wellness,3.0,12,Trend
1578,45,M,45454.0,60.0,14,2731,Wellness,10.0,1,Frequent
1796,24,F,58941.0,86.0,6,2035,Cosmetics,2.0,10,Trend
1086,42,F,103386.0,71.0,11,7344,Wellness,3.0,8,Premium
1243,25,F,25106.0,26.0,6,1280,Skincare,1.0,14,Budget
1699,43,F,41577.0,67.0,18,2678,Cosmetics,5.0,4,Frequent
1160,34,F,96371.0,86.0,12,7413,Grooming,6.0,9,Premium
1525,42,F,63470.0,68.0,13,2927,Cosmetics,4.0,7,Frequent
1036,28,F,119790.0,74.0,11,3815,Haircare,6.0,3,Premium
1541,42,M,54031.0,66.0,17,2734,Fragrance,10.0,9,Frequent
1171,35,F,,,9,3983,Fragrance,,8,Premium
1655,42,F,58690.0,72.0,17,2944,Cosmetics,4.0,10,Frequent
1891,27,M,31269.0,65.0,8,1387,Cosmetics,2.0,12,Trend
1858,26,F,50993.0,75.0,9,2307,Grooming,3.0,7,Trend
1848,21,M,32170.0,88.0,9,2746,Skincare,3.0,13,Trend
1945,19,F,42558.0,63.0,9,2045,Skincare,2.0,5,Trend
1734,49,F,54201.0,77.0,17,3154,Wellness,8.0,10,Frequent
1096,42,F,147067.0,95.0,13,4906,Skincare,7.0,12,Premium
1564,36,F,56567.0,78.0,18,2153,Grooming,4.0,2,Frequent
1241,24,F,26543.0,38.0,6,717,Wellness,1.0,41,Budget
1743,34,F,53865.0,59.0,13,3052,Skincare,9.0,1,Frequent
1575,43,F,45898.0,66.0,18,3125,Grooming,6.0,8,Frequent
1691,29,F,51772.0,58.0,19,2152,Fragrance,8.0,10,Frequent
1461,35,F,30166.0,44.0,4,1073,Grooming,1.0,26,Budget
1554,39,M,59456.0,65.0,13,3243,Skincare,10.0,1,Frequent
1889,19,M,33012.0,85.0,7,2011,Cosmetics,5.0,13,Trend
1207,20,F,30596.0,40.0,3,1366,Cosmetics,1.0,32,Budget
1393,34,F,31566.0,49.0,4,509,Fragrance,1.0,29,Budget
1795,28,M,40194.0,73.0,7,2981,Cosmetics,2.0,8,Trend
1398,28,F,20793.0,23.0,4,1410,Haircare,0.0,28,Budget
1767,23,M,48508.0,71.0,7,1677,Fragrance,5.0,9,Trend
1849,28,M,36232.0,90.0,11,2269,Cosmetics,4.0,6,Trend
1218,35,M,25985.0,27.0,4,840,Skincare,2.0,17,Budget
1005,39,Non-binary,136886.0,94.0,10,6556,Haircare,7.0,9,Premium
1769,27,F,40734.0,65.0,6,2274,Cosmetics,3.0,12,Trend
1643,38,F,65373.0,57.0,15,2616,Grooming,10.0,8,Frequent
1930,28,F,,,11,2606,Skincare,,9,Trend
1613,39,F,64881.0,71.0,12,3494,Fragrance,4.0,5,Frequent
1739,47,F,56149.0,80.0,12,2214,Cosmetics,4.0,5,Frequent
1547,36,M,69872.0,59.0,15,2868,Skincare,10.0,5,Frequent
1726,38,F,67094.0,68.0,19,2801,Haircare,10.0,3,Frequent
1684,47,F,44818.0,76.0,14,2340,Skincare,5.0,3,Frequent
1099,29,M,92910.0,86.0,11,5472,Grooming,8.0,4,Premium
1805,24,F,28149.0,80.0,6,3000,Skincare,2.0,10,Trend
1728,25,F,56562.0,75.0,16,3051,Fragrance,6.0,6,Frequent
1574,29,Non-binary,60922.0,59.0,20,3094,Cosmetics,4.0,8,Frequent
1407,30,M,22480.0,41.0,4,1064,Fragrance,2.0,19,Budget
1503,48,F,53006.0,58.0,19,2724,Cosmetics,5.0,5,Frequent
1048,28,F,126175.0,85.0,8,7583,Grooming,7.0,1,Premium
1033,30,Non-binary,141135.0,73.0,8,7493,Grooming,6.0,8,Premium
1780,29,F,48121.0,81.0,9,2481,Grooming,4.0,14,Trend
1840,30,F,28990.0,65.0,11,1841,Wellness,5.0,17,Trend
1201,30,F,32650.0,42.0,8,855,Grooming,0.0,41,Budget
1135,32,M,119986.0,84.0,15,5143,Wellness,8.0,11,Premium
1028,45,F,127254.0,79.0,10,3262,Fragrance,4.0,9,Premium
1881,26,M,31533.0,88.0,12,1459,Cosmetics,3.0,19,Trend
1231,21,F,23906.0,23.0,7,640,Wellness,2.0,43,Budget
1490,18,F,23912.0,29.0,5,1473,Cosmetics,1.0,45,Budget
1773,24,M,,,6,2436,Cosmetics,,17,Trend
1379,33,M,20867.0,25.0,4,727,Wellness,2.0,42,Budget
1289,28,F,18983.0,42.0,8,1323,Haircare,0.0,13,Budget
1419,34,M,15215.0,44.0,3,1185,Cosmetics,1.0,14,Budget
1675,36,M,42841.0,79.0,20,1564,Wellness,10.0,3,Frequent
1392,24,M,32972.0,36.0,3,1169,Grooming,0.0,30,Budget
1593,44,M,58581.0,65.0,14,2916,Fragrance,7.0,7,Frequent
1499,25,F,25674.0,21.0,8,1017,Fragrance,2.0,45,Budget
1139,39,F,94596.0,99.0,8,6577,Wellness,6.0,8,Premium
1063,42,F,88335.0,72.0,11,5938,Grooming,6.0,5,Premium
1472,32,F,18676.0,46.0,4,1414,Fragrance,0.0,29,Budget
1648,42,F,70908.0,78.0,14,1791,Cosmetics,7.0,9,Frequent
1129,35,F,100806.0,82.0,13,5262,Haircare,5.0,8,Premium
1977,26,M,37641.0,82.0,12,2515,Skincare,5.0,14,Trend
1521,43,Non-binary,62164.0,58.0,17,2636,Cosmetics,7.0,6,Frequent
1839,19,F,39799.0,66.0,12,2880,Grooming,4.0,8,Trend
1963,29,M,53469.0,86.0,9,2444,Haircare,3.0,4,Trend
1065,30,F,118102.0,80.0,9,7846,Fragrance,3.0,10,Premium
1813,23,M,55761.0,68.0,6,1482,Cosmetics,4.0,6,Trend
1015,41,F,80206.0,79.0,11,4484,Haircare,3.0,4,Premium
1157,44,F,132375.0,97.0,12,3130,Grooming,5.0,8,Premium
1041,44,M,107751.0,80.0,13,5806,Cosmetics,5.0,2,Premium
1493,27,F,20097.0,37.0,4,998,Grooming,1.0,10,Budget
1380,32,F,33330.0,44.0,5,1253,Skincare,2.0,23,Budget
1188,39,F,,,13,3984,Skincare,,5,Premium
1764,19,F,27244.0,71.0,6,1529,Cosmetics,3.0,10,Trend
1217,32,F,21570.0,31.0,8,1351,Wellness,0.0,25,Budget
1792,22,F,52586.0,80.0,7,2138,Haircare,3.0,4,Trend
1053,28,M,121975.0,73.0,15,5839,Cosmetics,3.0,12,Premium
1879,18,M,33697.0,69.0,8,2292,Grooming,3.0,11,Trend
1338,31,F,33146.0,33.0,8,540,Fragrance,2.0,13,Budget
1749,31,M,49261.0,70.0,19,2712,Wellness,9.0,1,Frequent
1720,43,F,42809.0,58.0,14,1570,Cosmetics,5.0,7,Frequent
1725,34,M,59041.0,70.0,13,3282,Cosmetics,4.0,6,Frequent
1296,30,F,27448.0,23.0,6,1251,Haircare,2.0,15,Budget
1702,40,M,61045.0,62.0,14,3311,Wellness,6.0,7,Frequent
1252,28,Non-binary,25382.0,24.0,6,989,Fragrance,2.0,27,Budget
1727,49,M,66081.0,55.0,15,2352,Grooming,9.0,5,Frequent
1462,19,F,31901.0,47.0,8,1180,Grooming,1.0,35,Budget
1456,21,M,34477.0,24.0,8,1451,Haircare,1.0,25,Budget
1997,19,F,,,6,1595,Grooming,,9,Trend
1816,25,M,46560.0,77.0,6,1997,Haircare,4.0,19,Trend
1863,27,F,,,8,1205,Grooming,,8,Trend
1270,34,M,,,7,966,Grooming,,32,Budget
1202,29,M,25181.0,41.0,7,851,Skincare,2.0,12,Budget
1162,44,F,82050.0,93.0,13,5033,Fragrance,4.0,14,Premium
1556,35,F,56061.0,61.0,12,3004,Cosmetics,8.0,5,Frequent
1730,47,F,59846.0,61.0,13,2313,Grooming,7.0,7,Frequent
1402,29,F,16316.0,24.0,8,803,Fragrance,0.0,44,Budget
1703,33,M,66220.0,62.0,19,2207,Haircare,6.0,3,Frequent
1477,31,M,15690.0,36.0,3,1008,Wellness,2.0,34,Budget
1822,19,M,34219.0,84.0,9,2427,Cosmetics,4.0,16,Trend
1772,26,F,39249.0,85.0,6,2042,Cosmetics,2.0,10,Trend
1106,38,F,127362.0,87.0,15,3009,Grooming,4.0,12,Premium
1566,27,M,44247.0,80.0,12,1770,Haircare,7.0,9,Frequent
1390,19,F,30271.0,21.0,4,879,Wellness,1.0,11,Budget
1002,38,F,124131.0,72.0,13,3769,Fragrance,8.0,6,Premium
1938,23,F,53114.0,87.0,8,2458,Haircare,4.0,19,Trend
1983,18,F,40563.0,89.0,8,1951,Fragrance,3.0,19,Trend
1562,50,F,70971.0,62.0,19,2295,Skincare,5.0,2,Frequent
1081,32,F,130612.0,90.0,12,7809,Cosmetics,5.0,1,Premium
1206,19,M,27003.0,21.0,6,1273,Cosmetics,2.0,21,Budget
1035,41,F,127333.0,91.0,15,6354,Haircare,4.0,5,Premium
1776,19,M,40577.0,74.0,10,2824,Fragrance,3.0,20,Trend
1509,42,M,47485.0,60.0,20,1738,Haircare,9.0,3,Frequent
1428,18,Non-binary,,,8,592,Wellness,,19,Budget
1455,23,F,15999.0,49.0,5,1158,Fragrance,2.0,19,Budget
1367,21,F,20744.0,24.0,8,875,Haircare,2.0,20,Budget
1092,44,F,103624.0,84.0,8,5261,Wellness,5.0,15,Premium
1340,29,Non-binary,15778.0,37.0,7,1266,Grooming,0.0,29,Budget
1898,18,F,53804.0,72.0,9,1872,Haircare,4.0,3,Trend
1565,27,F,41273.0,76.0,20,2805,Fragrance,5.0,3,Frequent
1346,35,F,21716.0,45.0,5,1147,Haircare,1.0,10,Budget
1777,22,F,46341.0,82.0,8,2533,Skincare,5.0,4,Trend
1242,24,F,21764.0,27.0,7,852,Fragrance,2.0,18,Budget
1014,39,F,143335.0,72.0,8,5690,Skincare,7.0,10,Premium
1316,23,F,30795.0,46.0,4,926,Haircare,0.0,20,Budget
1601,31,F,71422.0,68.0,19,2391,Fragrance,8.0,1,Frequent
1388,26,M,30743.0,50.0,8,574,Haircare,2.0,23,Budget
1274,22,M,,,4,1049,Fragrance,,40,Budget
1167,33,F,130948.0,92.0,8,6170,Fragrance,4.0,1,Premium
1841,29,F,45316.0,76.0,9,2512,Wellness,3.0,17,Trend
1993,23,F,35940.0,65.0,9,2641,Skincare,5.0,14,Trend
1647,26,M,41539.0,65.0,17,2229,Fragrance,4.0,7,Frequent
1819,29,M,54841.0,86.0,9,1729,Haircare,4.0,19,Trend
1485,30,F,28622.0,42.0,7,1047,Wellness,1.0,25,Budget
1981,29,F,28370.0,62.0,12,2038,Wellness,5.0,5,Trend
1505,36,F,59996.0,63.0,17,2424,Cosmetics,4.0,7,Frequent
1832,30,M,,,8,1461,Skincare,,10,Trend
1244,29,F,18610.0,27.0,8,1211,Cosmetics,2.0,12,Budget
1567,45,F,72299.0,56.0,18,1850,Cosmetics,7.0,7,Frequent
1876,29,F,31093.0,61.0,9,1375,Wellness,3.0,3,Trend
1563,40,F,72551.0,66.0,19,1971,Cosmetics,7.0,6,Frequent
1687,44,F,61435.0,63.0,15,1690,Skincare,8.0,9,Frequent
1190,41,F,80526.0,83.0,14,6344,Wellness,6.0,4,Premium
1783,25,F,54087.0,74.0,9,1909,Skincare,5.0,13,Trend
1700,49,M,57297.0,79.0,18,3372,Wellness,6.0,10,Frequent
1476,21,F,22610.0,43.0,8,886,Cosmetics,1.0,10,Budget
1682,32,F,45622.0,55.0,19,3054,Cosmetics,4.0,4,Frequent
1511,45,M,73998.0,77.0,18,2337,Fragrance,5.0,5,Frequent
1059,36,M,115735.0,86.0,10,7079,Fragrance,4.0,1,Premium
1475,28,F,16551.0,35.0,4,837,Wellness,2.0,28,Budget
1561,50,F,69964.0,71.0,20,2751,Fragrance,9.0,3,Frequent
1857,20,M,54685.0,83.0,9,1463,Cosmetics,3.0,20,Trend
1748,35,M,63600.0,57.0,19,2831,Fragrance,8.0,6,Frequent
1253,30,M,16826.0,29.0,8,961,Wellness,2.0,25,Budget
1022,44,Non-binary,119353.0,99.0,14,6457,Haircare,3.0,5,Premium
1314,25,F,33133.0,33.0,5,880,Skincare,1.0,37,Budget
1460,32,M,22846.0,32.0,6,1193,Wellness,2.0,28,Budget
1161,43,F,138606.0,99.0,8,6430,Fragrance,7.0,1,Premium
1277,21,Non-binary,20978.0,41.0,7,1192,Fragrance,1.0,20,Budget
1956,22,Non-binary,40089.0,69.0,7,2587,Skincare,4.0,8,Trend
1192,44,F,106589.0,83.0,14,7702,Wellness,5.0,13,Premium
1386,24,M,27866.0,44.0,7,500,Grooming,0.0,17,Budget
1806,23,F,,,6,2876,Wellness,,3,Trend
1414,28,F,,,7,713,Haircare,,38,Budget
1492,25,F,25602.0,34.0,3,1457,Skincare,2.0,12,Budget
1344,21,F,33230.0,47.0,6,905,Fragrance,0.0,12,Budget
1770,25,F,40047.0,65.0,10,1256,Wellness,4.0,3,Trend
1309,34,F,24879.0,21.0,6,1453,Haircare,0.0,31,Budget
1662,47,F,51279.0,70.0,20,3351,Wellness,8.0,5,Frequent
1131,42,F,108865.0,86.0,9,6293,Wellness,5.0,15,Premium
1664,36,F,70720.0,70.0,19,2451,Skincare,4.0,2,Frequent
1872,18,F,44643.0,75.0,11,2533,Fragrance,2.0,18,Trend
1100,29,F,97260.0,94.0,8,4460,Wellness,7.0,6,Premium
1373,30,F,19857.0,33.0,6,1032,Fragrance,2.0,13,Budget
1088,32,F,94388.0,99.0,10,7138,Haircare,5.0,15,Premium
1459,18,F,,,8,696,Haircare,,39,Budget
1331,20,F,24528.0,33.0,6,1153,Fragrance,0.0,18,Budget
1215,23,M,25724.0,24.0,3,1190,Wellness,1.0,29,Budget
1467,33,F,28032.0,46.0,6,757,Grooming,0.0,28,Budget
1122,36,M,124327.0,80.0,14,4792,Wellness,7.0,5,Premium
1615,42,M,47498.0,66.0,14,1989,Haircare,4.0,6,Frequent
1021,39,M,146199.0,91.0,15,4495,Skincare,6.0,1,Premium
1701,43,F,47037.0,57.0,17,2712,Wellness,6.0,10,Frequent
1072,40,F,114620.0,85.0,13,6284,Haircare,6.0,5,Premium
1107,29,M,85287.0,70.0,14,5376,Skincare,3.0,11,Premium
1271,22,F,24223.0,44.0,5,884,Grooming,2.0,33,Budget
1861,28,F,48515.0,82.0,10,2612,Cosmetics,4.0,12,Trend
1436,20,M,25521.0,32.0,6,698,Cosmetics,0.0,30,Budget
1103,42,F,80117.0,93.0,13,7289,Haircare,4.0,3,Premium
